title,address,rooms,square,price,floor,overall floor,contact,images
Скай Сьюты 60+ этаж Москва Сити! ,Москва  ЦАО  р-н Пресненский  1-й Красногвардейский проезд  22с1 ,1 ,60 ,13 500 ,60 ,79 ,https://www.cian.ru/rent/flat/247291694/ ,https://cdn-p.cian.site/images/04/062/001/posutochnaja-kvartira-moskva-1y-krasnogvardeyskiy-proezd-1002604037-4.jpg ,https://cdn-p.cian.site/images/04/062/001/posutochnaja-kvartira-moskva-1y-krasnogvardeyskiy-proezd-1002604033-2.jpg ,https://cdn-p.cian.site/images/04/062/001/posutochnaja-kvartira-moskva-1y-krasnogvardeyskiy-proezd-1002604027-2.jpg ,https://cdn-p.cian.site/images/04/062/001/posutochnaja-kvartira-moskva-1y-krasnogvardeyskiy-proezd-1002604038-2.jpg
Квартира Свободна. ТОП! Звони! ,Москва  ЗАО  р-н Фили-Давыдково  Малая Филевская ул.  4К1 ,1 ,35 ,3 000 ,3 ,5 ,https://www.cian.ru/rent/flat/165298567/ ,https://cdn-p.cian.site/images/0/546/328/kvartira-moskva-malaya-filevskaya-ulica-823645002-4.jpg ,https://cdn-p.cian.site/images/0/546/328/kvartira-moskva-malaya-filevskaya-ulica-823645018-2.jpg ,https://cdn-p.cian.site/images/9/446/328/kvartira-moskva-malaya-filevskaya-ulica-823644987-2.jpg ,https://cdn-p.cian.site/images/9/446/328/kvartira-moskva-malaya-filevskaya-ulica-823644999-2.jpg
5 мин пешком от метро Маяковская ,Москва  ЦАО  р-н Тверской  4-я Тверская-Ямская ул.  23 ,1 ,37 ,2 800 ,5 ,7 ,https://www.cian.ru/rent/flat/141462297/ ,https://cdn-p.cian.site/images/4/802/102/kvartira-moskva-4ya-tverskayayamskaya-ulica-201208444-4.jpg ,https://cdn-p.cian.site/images/4/802/102/kvartira-moskva-4ya-tverskayayamskaya-ulica-201208420-2.jpg ,https://cdn-p.cian.site/images/5/802/102/kvartira-moskva-4ya-tverskayayamskaya-ulica-201208511-2.jpg ,https://cdn-p.cian.site/images/2/802/102/kvartira-moskva-4ya-tverskayayamskaya-ulica-201208264-2.jpg
Топ. Сутки. Часы ,Москва  СВАО  р-н Отрадное  Алтуфьевское ш.  2 ,1 ,22 ,2 000 ,13 ,16 ,https://www.cian.ru/rent/flat/256363470/ ,https://cdn-p.cian.site/images/45/515/801/posutochnaja-kvartira-moskva-altufevskoe-shosse-1085155453-4.jpg ,https://cdn-p.cian.site/images/92/515/801/posutochnaja-kvartira-moskva-altufevskoe-shosse-1085152902-2.jpg ,https://cdn-p.cian.site/images/78/315/801/posutochnaja-kvartira-moskva-altufevskoe-shosse-1085138730-2.jpg ,https://cdn-p.cian.site/images/88/315/801/posutochnaja-kvartira-moskva-altufevskoe-shosse-1085138899-2.jpg
Панорманое джакузи на 63м этаже! ,Москва  ЦАО  р-н Пресненский  1-й Красногвардейский проезд  21с1 ,1 ,60 ,17 000 ,63 ,84 ,https://www.cian.ru/rent/flat/156763639/ ,https://cdn-p.cian.site/images/8/365/962/kvartira-moskva-1y-krasnogvardeyskiy-proezd-269563814-4.jpg ,https://cdn-p.cian.site/images/8/365/962/kvartira-moskva-1y-krasnogvardeyskiy-proezd-269563819-2.jpg ,https://cdn-p.cian.site/images/8/365/962/kvartira-moskva-1y-krasnogvardeyskiy-proezd-269563809-2.jpg ,https://cdn-p.cian.site/images/8/365/962/kvartira-moskva-1y-krasnogvardeyskiy-proezd-269563822-2.jpg
2 мин от метро. Евроремонт. Топ. ,Москва  ЦАО  р-н Таганский  Народная ул.  14С1 ,1 ,31 ,3 000 ,4 ,4 ,https://www.cian.ru/rent/flat/252811986/ ,https://cdn-p.cian.site/images/71/521/501/posutochnaja-kvartira-moskva-narodnaya-ulica-1051251719-4.jpg ,https://cdn-p.cian.site/images/71/521/501/posutochnaja-kvartira-moskva-narodnaya-ulica-1051251719-2.jpg ,https://cdn-p.cian.site/images/12/521/501/posutochnaja-kvartira-moskva-narodnaya-ulica-1051252151-2.jpg ,https://cdn-p.cian.site/images/41/521/501/posutochnaja-kvartira-moskva-narodnaya-ulica-1051251417-2.jpg
Уютная студия. 2 мин от метро ,Москва  ЦАО  р-н Хамовники  ул. Ефремова  20 ,1 ,19 ,2 500 ,1 ,5 ,https://www.cian.ru/rent/flat/256898928/ ,https://cdn-p.cian.site/images/98/089/801/posutochnaja-kvartira-moskva-ulica-efremova-1089808974-4.jpg ,https://cdn-p.cian.site/images/98/089/801/posutochnaja-kvartira-moskva-ulica-efremova-1089808968-2.jpg ,https://cdn-p.cian.site/images/98/089/801/posutochnaja-kvartira-moskva-ulica-efremova-1089808975-2.jpg ,https://cdn-p.cian.site/images/98/089/801/posutochnaja-kvartira-moskva-ulica-efremova-1089808973-2.jpg
Лучшее предложение рядом с метро! ,Москва  ЮАО  р-н Даниловский  Автозаводская ул.  23К7 ,2 ,45 ,2 000 ,3 ,4 ,https://www.cian.ru/rent/flat/247002423/ ,https://cdn-p.cian.site/images/33/204/001/posutochnaja-kvartira-moskva-avtozavodskaya-ulica-1004023385-4.jpg ,https://cdn-p.cian.site/images/4/249/999/posutochnaja-kvartira-moskva-avtozavodskaya-ulica-999942423-2.jpg ,https://cdn-p.cian.site/images/4/249/999/posutochnaja-kvartira-moskva-avtozavodskaya-ulica-999942440-2.jpg ,https://cdn-p.cian.site/images/4/249/999/posutochnaja-kvartira-moskva-avtozavodskaya-ulica-999942422-2.jpg
АКЦИЯ -200 рублей от стоимости* ,Москва  ЮАО  р-н Даниловский  Автозаводская ул.  23К7 ,1 ,35 ,2 200 ,4 ,4 ,https://www.cian.ru/rent/flat/253654730/ ,https://cdn-p.cian.site/images/65/718/701/posutochnaja-kvartira-moskva-avtozavodskaya-ulica-1078175625-4.jpg ,https://cdn-p.cian.site/images/65/718/701/posutochnaja-kvartira-moskva-avtozavodskaya-ulica-1078175648-2.jpg ,https://cdn-p.cian.site/images/65/718/701/posutochnaja-kvartira-moskva-avtozavodskaya-ulica-1078175655-2.jpg ,https://cdn-p.cian.site/images/98/718/701/posutochnaja-kvartira-moskva-avtozavodskaya-ulica-1078178994-2.jpg
Sky Crown. Башня Федерация ,Москва  ЦАО  р-н Пресненский  наб. Пресненская  12 ,2 ,105 ,20 000 ,49 ,62 ,https://www.cian.ru/rent/flat/29466274/ ,https://cdn-p.cian.site/images/1/022/662/kvartira-moskva-presnenskaya-naberezhnaya-266220106-4.jpg ,https://cdn-p.cian.site/images/1/022/662/kvartira-moskva-presnenskaya-naberezhnaya-266220129-2.jpg ,https://cdn-p.cian.site/images/1/022/662/kvartira-moskva-presnenskaya-naberezhnaya-266220107-2.jpg ,https://cdn-p.cian.site/images/1/022/662/kvartira-moskva-presnenskaya-naberezhnaya-266220128-2.jpg
Квартира Свободна. ТОП! Звони! ,Москва  ЗАО  р-н Кунцево  Рублевское ш.  95К1 ,1 ,34 ,2 500 ,14 ,22 ,https://www.cian.ru/rent/flat/184196213/ ,https://cdn-p.cian.site/images/5/425/185/kvartira-moskva-rublevskoe-shosse-581524522-4.jpg ,https://cdn-p.cian.site/images/5/425/185/kvartira-moskva-rublevskoe-shosse-581524520-2.jpg ,https://cdn-p.cian.site/images/5/425/185/kvartira-moskva-rublevskoe-shosse-581524524-2.jpg ,https://cdn-p.cian.site/images/5/425/185/kvartira-moskva-rublevskoe-shosse-581524516-2.jpg
СУПЕР-ЛОФТ! Двухуровневый! Люкс! ,Москва  СВАО  р-н Марфино  Гостиничная ул.  10К5 ,1 ,21 ,1 978 ,4 ,5 ,https://www.cian.ru/rent/flat/246603680/ ,https://cdn-p.cian.site/images/0/634/699/posutochnaja-kvartira-moskva-gostinichnaya-ulica-996436099-4.jpg ,https://cdn-p.cian.site/images/0/634/699/posutochnaja-kvartira-moskva-gostinichnaya-ulica-996436090-2.jpg ,https://cdn-p.cian.site/images/1/634/699/posutochnaja-kvartira-moskva-gostinichnaya-ulica-996436105-2.jpg ,https://cdn-p.cian.site/images/1/634/699/posutochnaja-kvartira-moskva-gostinichnaya-ulica-996436100-2.jpg
Без комиссии! Свободна! ,Москва  СВАО  р-н Отрадное  Алтуфьевское ш.  2 ,1 ,22 ,1 900 ,10 ,16 ,https://www.cian.ru/rent/flat/244296507/ ,https://cdn-p.cian.site/images/7/086/779/kvartira-moskva-altufevskoe-shosse-977680736-4.jpg ,https://cdn-p.cian.site/images/5/086/779/kvartira-moskva-altufevskoe-shosse-977680545-2.jpg ,https://cdn-p.cian.site/images/5/086/779/kvartira-moskva-altufevskoe-shosse-977680573-2.jpg ,https://cdn-p.cian.site/images/5/086/779/kvartira-moskva-altufevskoe-shosse-977680581-2.jpg
Hanaka. Уютно.  Экономно. Рядом. ,Москва  ЮАО  р-н Орехово-Борисово Северное  Ореховый бул.  11К1 ,1 ,40 ,2 200 ,7 ,9 ,https://www.cian.ru/rent/flat/198205949/ ,https://cdn-p.cian.site/images/6/222/689/posutochnaja-kvartira-moskva-orehovyy-bulvar-986222616-4.jpg ,https://cdn-p.cian.site/images/6/222/689/posutochnaja-kvartira-moskva-orehovyy-bulvar-986222624-2.jpg ,https://cdn-p.cian.site/images/6/222/689/posutochnaja-kvartira-moskva-orehovyy-bulvar-986222622-2.jpg ,https://cdn-p.cian.site/images/6/222/689/posutochnaja-kvartira-moskva-orehovyy-bulvar-986222617-2.jpg
43й этаж остиная 90м2 караоке ,Москва  ЦАО  р-н Пресненский  наб. Пресненская  12 ,3 ,195 ,32 000 ,43 ,95 ,https://www.cian.ru/rent/flat/252603958/ ,https://cdn-p.cian.site/images/86/519/401/posutochnaja-kvartira-moskva-presnenskaya-naberezhnaya-1049156869-4.jpg ,https://cdn-p.cian.site/images/86/519/401/posutochnaja-kvartira-moskva-presnenskaya-naberezhnaya-1049156857-2.jpg ,https://cdn-p.cian.site/images/86/519/401/posutochnaja-kvartira-moskva-presnenskaya-naberezhnaya-1049156865-2.jpg ,https://cdn-p.cian.site/images/86/519/401/posutochnaja-kvartira-moskva-presnenskaya-naberezhnaya-1049156867-2.jpg
Квартира Свободна. ТОП! Звони! ,Москва  ЦАО  р-н Таганский  ул. Земляной Вал  52/16С1 ,2 ,80 ,4 000 ,4 ,7 ,https://www.cian.ru/rent/flat/163363950/ ,https://cdn-p.cian.site/images/8/132/403/kvartira-moskva-ulica-zemlyanoy-val-304231835-4.jpg ,https://cdn-p.cian.site/images/8/132/403/kvartira-moskva-ulica-zemlyanoy-val-304231827-2.jpg ,https://cdn-p.cian.site/images/8/132/403/kvartira-moskva-ulica-zemlyanoy-val-304231825-2.jpg ,https://cdn-p.cian.site/images/8/132/403/kvartira-moskva-ulica-zemlyanoy-val-304231818-2.jpg
Сегодня цена 4000 рублей! ,Москва  ЦАО  р-н Тверской  Тверская ул.  6С1 ,2 ,64 ,4 000 ,6 ,9 ,https://www.cian.ru/rent/flat/202523880/ ,https://cdn-p.cian.site/images/5/345/197/kvartira-moskva-tverskaya-ulica-791543577-4.jpg ,https://cdn-p.cian.site/images/5/345/197/kvartira-moskva-tverskaya-ulica-791543577-2.jpg ,https://cdn-p.cian.site/images/7/345/197/kvartira-moskva-tverskaya-ulica-791543715-2.jpg ,https://cdn-p.cian.site/images/7/345/197/kvartira-moskva-tverskaya-ulica-791543734-2.jpg
Квартира Свободна. ТОП! Звони! ,Москва  ЦАО  р-н Пресненский  Дружинниковская ул.  11/2 ,2 ,67 ,4 000 ,8 ,8 ,https://www.cian.ru/rent/flat/202547963/ ,https://cdn-p.cian.site/images/3/216/328/kvartira-moskva-druzhinnikovskaya-ulica-823612391-4.jpg ,https://cdn-p.cian.site/images/5/216/328/kvartira-moskva-druzhinnikovskaya-ulica-823612558-2.jpg ,https://cdn-p.cian.site/images/5/216/328/kvartira-moskva-druzhinnikovskaya-ulica-823612593-2.jpg ,https://cdn-p.cian.site/images/2/516/328/kvartira-moskva-druzhinnikovskaya-ulica-823615292-2.jpg
2-комн. кв. 50 м? 2/9 этаж ,Москва  ЦАО  р-н Арбат  1-й Смоленский пер.  13 ,2 ,50 ,3 990 ,2 ,9 ,https://www.cian.ru/rent/flat/169043778/ ,https://cdn-p.cian.site/images/9/607/127/kvartira-moskva-1y-smolenskiy-pereulok-721706990-4.jpg ,https://cdn-p.cian.site/images/8/607/127/kvartira-moskva-1y-smolenskiy-pereulok-721706886-2.jpg ,https://cdn-p.cian.site/images/8/607/127/kvartira-moskva-1y-smolenskiy-pereulok-721706891-2.jpg ,https://cdn-p.cian.site/images/8/607/127/kvartira-moskva-1y-smolenskiy-pereulok-721706885-2.jpg
Самая лучшая и настоящая в Москве ,Москва  ЦАО  р-н Пресненский  Большая Грузинская ул.  16 ,2 ,45 ,4 000 ,14 ,14 ,https://www.cian.ru/rent/flat/245881381/ ,https://cdn-p.cian.site/images/9/750/099/posutochnaja-kvartira-moskva-bolshaya-gruzinskaya-ulica-990057984-4.jpg ,https://cdn-p.cian.site/images/9/750/099/posutochnaja-kvartira-moskva-bolshaya-gruzinskaya-ulica-990057998-2.jpg ,https://cdn-p.cian.site/images/0/850/099/posutochnaja-kvartira-moskva-bolshaya-gruzinskaya-ulica-990058001-2.jpg ,https://cdn-p.cian.site/images/9/750/099/posutochnaja-kvartira-moskva-bolshaya-gruzinskaya-ulica-990057982-2.jpg
Новинка  свежий ремонт . ,Москва  САО  р-н Аэропорт  Балтийская ул.  6К3 ,1 ,35 ,3 500 ,6 ,8 ,https://www.cian.ru/rent/flat/248159560/ ,https://cdn-p.cian.site/images/26/025/601/posutochnaja-kvartira-moskva-baltiyskaya-ulica-1065206237-4.jpg ,https://cdn-p.cian.site/images/26/025/601/posutochnaja-kvartira-moskva-baltiyskaya-ulica-1065206228-2.jpg ,https://cdn-p.cian.site/images/26/025/601/posutochnaja-kvartira-moskva-baltiyskaya-ulica-1065206213-2.jpg ,https://cdn-p.cian.site/images/26/025/601/posutochnaja-kvartira-moskva-baltiyskaya-ulica-1065206216-2.jpg
Люксовая двушка на Новом Арбате ,Москва  ЦАО  р-н Арбат  Борисоглебский пер.  12 ,2 ,55 ,4 900 ,4 ,5 ,https://www.cian.ru/rent/flat/195558159/ ,https://cdn-p.cian.site/images/6/817/085/kvartira-moskva-borisoglebskiy-pereulok-580718643-4.jpg ,https://cdn-p.cian.site/images/6/817/085/kvartira-moskva-borisoglebskiy-pereulok-580718636-2.jpg ,https://cdn-p.cian.site/images/6/817/085/kvartira-moskva-borisoglebskiy-pereulok-580718627-2.jpg ,https://cdn-p.cian.site/images/6/817/085/kvartira-moskva-borisoglebskiy-pereulok-580718639-2.jpg
Трешка с балконом рядом с Кремлем ,Москва  ЦАО  р-н Тверской  Тверская ул.  6С5 ,3 ,65 ,6 900 ,6 ,6 ,https://www.cian.ru/rent/flat/196341725/ ,https://cdn-p.cian.site/images/4/243/795/kvartira-moskva-tverskaya-ulica-597342416-4.jpg ,https://cdn-p.cian.site/images/4/271/795/kvartira-moskva-tverskaya-ulica-597172475-2.jpg ,https://cdn-p.cian.site/images/7/271/795/kvartira-moskva-tverskaya-ulica-597172752-2.jpg ,https://cdn-p.cian.site/images/4/271/795/kvartira-moskva-tverskaya-ulica-597172474-2.jpg
Дом у метро ,Москва  ЦАО  р-н Мещанский  ул. Гиляровского  33 ,1 ,40 ,3 000 ,10 ,12 ,https://www.cian.ru/rent/flat/222989948/ ,https://cdn-p.cian.site/images/0/639/797/kvartira-moskva-ulica-gilyarovskogo-797936097-4.jpg ,https://cdn-p.cian.site/images/0/639/797/kvartira-moskva-ulica-gilyarovskogo-797936094-2.jpg ,https://cdn-p.cian.site/images/0/639/797/kvartira-moskva-ulica-gilyarovskogo-797936093-2.jpg ,https://cdn-p.cian.site/images/0/639/797/kvartira-moskva-ulica-gilyarovskogo-797936095-2.jpg
Посуточно! 130 районов -Москва ! ,Москва  ЦАО  р-н Пресненский  Большая Грузинская ул.  16 ,1 ,40 ,3 000 ,2 ,14 ,https://www.cian.ru/rent/flat/177724720/ ,https://cdn-p.cian.site/images/7/250/354/kvartira-moskva-bolshaya-gruzinskaya-ulica-453052768-4.jpg ,https://cdn-p.cian.site/images/7/250/354/kvartira-moskva-bolshaya-gruzinskaya-ulica-453052754-2.jpg ,https://cdn-p.cian.site/images/7/250/354/kvartira-moskva-bolshaya-gruzinskaya-ulica-453052770-2.jpg ,https://cdn-p.cian.site/images/7/250/354/kvartira-moskva-bolshaya-gruzinskaya-ulica-453052766-2.jpg
Красивый пентхаус - отличный вид. ,Москва  ЦАО  р-н Пресненский  1-й Красногвардейский проезд  21с1 ,3 ,170 ,32 000 ,45 ,86 ,https://www.cian.ru/rent/flat/177775851/ ,https://cdn-p.cian.site/images/7/473/354/kvartira-moskva-1y-krasnogvardeyskiy-proezd-453374797-4.jpg ,https://cdn-p.cian.site/images/7/473/354/kvartira-moskva-1y-krasnogvardeyskiy-proezd-453374798-2.jpg ,https://cdn-p.cian.site/images/8/473/354/kvartira-moskva-1y-krasnogvardeyskiy-proezd-453374801-2.jpg ,https://cdn-p.cian.site/images/7/473/354/kvartira-moskva-1y-krasnogvardeyskiy-proezd-453374796-2.jpg
3-комн. кв. 57 м? 7/16 этаж ,Москва  ЮАО  р-н Даниловский  Большая Тульская ул.  2 ,3 ,57 ,3 490 ,7 ,16 ,https://www.cian.ru/rent/flat/148637043/ ,https://cdn-p.cian.site/images/4/894/941/kvartira-moskva-bolshaya-tulskaya-ulica-149498457-4.jpg ,https://cdn-p.cian.site/images/1/048/841/kvartira-moskva-bolshaya-tulskaya-ulica-148840186-2.jpg ,https://cdn-p.cian.site/images/4/894/941/kvartira-moskva-bolshaya-tulskaya-ulica-149498448-2.jpg ,https://cdn-p.cian.site/images/4/894/941/kvartira-moskva-bolshaya-tulskaya-ulica-149498450-2.jpg
Свободна на сегодня!!! Спеццена! ,Москва  ЦАО  р-н Пресненский  Васильевская ул.  4 ,2 ,50 ,3 990 ,2 ,9 ,https://www.cian.ru/rent/flat/233708358/ ,https://cdn-p.cian.site/images/1/532/198/kvartira-moskva-vasilevskaya-ulica-891235146-4.jpg ,https://cdn-p.cian.site/images/1/532/198/kvartira-moskva-vasilevskaya-ulica-891235147-2.jpg ,https://cdn-p.cian.site/images/1/532/198/kvartira-moskva-vasilevskaya-ulica-891235152-2.jpg ,https://cdn-p.cian.site/images/1/532/198/kvartira-moskva-vasilevskaya-ulica-891235151-2.jpg
Апартаменты в Сталинской высотке! ,Москва  ЦАО  р-н Пресненский  Кудринская пл.  1 ,2 ,61.9 ,4 900 ,3 ,31 ,https://www.cian.ru/rent/flat/201060517/ ,https://cdn-p.cian.site/images/39/312/301/posutochnaja-kvartira-moskva-kudrinskaya-ploshcad-1032139305-4.jpg ,https://cdn-p.cian.site/images/78/312/301/posutochnaja-kvartira-moskva-kudrinskaya-ploshcad-1032138784-2.jpg ,https://cdn-p.cian.site/images/4/553/536/kvartira-moskva-kudrinskaya-ploshcad-635355449-2.jpg ,https://cdn-p.cian.site/images/5/353/536/kvartira-moskva-kudrinskaya-ploshcad-635353520-2.jpg
Стильная двушка на Тверской ,Москва  ЦАО  р-н Тверской  Тверская ул.  15 ,2 ,71 ,5 500 ,6 ,9 ,https://www.cian.ru/rent/flat/204069860/ ,https://cdn-p.cian.site/images/5/678/066/kvartira-moskva-tverskaya-ulica-660876571-4.jpg ,https://cdn-p.cian.site/images/4/089/648/kvartira-moskva-tverskaya-ulica-846980420-2.jpg ,https://cdn-p.cian.site/images/1/778/066/kvartira-moskva-tverskaya-ulica-660877136-2.jpg ,https://cdn-p.cian.site/images/7/778/066/kvartira-moskva-tverskaya-ulica-660877746-2.jpg
Лучшее предложение! Рядом с метро ,Москва  ЮАО  р-н Орехово-Борисово Южное  Воронежская ул.  34К3 ,1 ,34 ,2 000 ,8 ,9 ,https://www.cian.ru/rent/flat/35282776/ ,https://cdn-p.cian.site/images/7/000/789/posutochnaja-kvartira-moskva-voronezhskaya-ulica-987000706-4.jpg ,https://cdn-p.cian.site/images/7/000/789/posutochnaja-kvartira-moskva-voronezhskaya-ulica-987000718-2.jpg ,https://cdn-p.cian.site/images/6/000/789/posutochnaja-kvartira-moskva-voronezhskaya-ulica-987000699-2.jpg ,https://cdn-p.cian.site/images/7/000/789/posutochnaja-kvartira-moskva-voronezhskaya-ulica-987000726-2.jpg
Лучшее предложение!Рядом с метро! ,Москва  ЮАО  р-н Орехово-Борисово Южное  Воронежская ул.  18 ,1 ,37.5 ,2 000 ,3 ,9 ,https://www.cian.ru/rent/flat/34496989/ ,https://cdn-p.cian.site/images/4/734/248/kvartira-moskva-voronezhskaya-ulica-842437419-4.jpg ,https://cdn-p.cian.site/images/4/734/248/kvartira-moskva-voronezhskaya-ulica-842437418-2.jpg ,https://cdn-p.cian.site/images/4/734/248/kvartira-moskva-voronezhskaya-ulica-842437417-2.jpg ,https://cdn-p.cian.site/images/3/734/248/kvartira-moskva-voronezhskaya-ulica-842437385-2.jpg
АКЦИЯ -200 рублей в сутки * ,Москва  ЮАО  р-н Орехово-Борисово Северное  Ореховый бул.  7К1 ,1 ,40 ,2 700 ,3 ,9 ,https://www.cian.ru/rent/flat/222173942/ ,https://cdn-p.cian.site/images/3/738/208/kvartira-moskva-orehovyy-bulvar-802837356-4.jpg ,https://cdn-p.cian.site/images/3/738/208/kvartira-moskva-orehovyy-bulvar-802837360-2.jpg ,https://cdn-p.cian.site/images/3/738/208/kvartira-moskva-orehovyy-bulvar-802837352-2.jpg ,https://cdn-p.cian.site/images/3/738/208/kvartira-moskva-orehovyy-bulvar-802837361-2.jpg
1 минута от метро! ,Москва  СВАО  р-н Отрадное  Алтуфьевское ш.  2 ,1 ,15 ,1 500 ,12 ,16 ,https://www.cian.ru/rent/flat/238401807/ ,https://cdn-p.cian.site/images/1/833/039/kvartira-moskva-altufevskoe-shosse-930338128-4.jpg ,https://cdn-p.cian.site/images/1/833/039/kvartira-moskva-altufevskoe-shosse-930338126-2.jpg ,https://cdn-p.cian.site/images/1/833/039/kvartira-moskva-altufevskoe-shosse-930338125-2.jpg ,https://cdn-p.cian.site/images/1/833/039/kvartira-moskva-altufevskoe-shosse-930338127-2.jpg
3 мин от метро/есть парковка ,Москва  ЮАО  р-н Даниловский  Автозаводская ул.  19К1 ,1 ,25 ,2 190 ,4 ,5 ,https://www.cian.ru/rent/flat/241360802/ ,https://cdn-p.cian.site/images/7/419/459/kvartira-moskva-avtozavodskaya-ulica-954914717-4.jpg ,https://cdn-p.cian.site/images/7/419/459/kvartira-moskva-avtozavodskaya-ulica-954914716-2.jpg ,https://cdn-p.cian.site/images/7/419/459/kvartira-moskva-avtozavodskaya-ulica-954914714-2.jpg ,https://cdn-p.cian.site/images/7/419/459/kvartira-moskva-avtozavodskaya-ulica-954914719-2.jpg
Объявление проверено. Гарантия. ,Москва  СВАО  р-н Отрадное  Алтуфьевское ш.  2К1 ,1 ,40 ,2 500 ,16 ,16 ,https://www.cian.ru/rent/flat/244473114/ ,https://cdn-p.cian.site/images/1/598/879/posutochnaja-kvartira-moskva-altufevskoe-shosse-978895130-4.jpg ,https://cdn-p.cian.site/images/1/598/879/posutochnaja-kvartira-moskva-altufevskoe-shosse-978895121-2.jpg ,https://cdn-p.cian.site/images/1/598/879/posutochnaja-kvartira-moskva-altufevskoe-shosse-978895118-2.jpg ,https://cdn-p.cian.site/images/1/598/879/posutochnaja-kvartira-moskva-altufevskoe-shosse-978895117-2.jpg
АКЦИЯ -200 рублей от стоимости* ,Москва  ЦАО  р-н Замоскворечье  Татарская ул.  7С1 ,1 ,40 ,2 700 ,2 ,5 ,https://www.cian.ru/rent/flat/194880123/ ,https://cdn-p.cian.site/images/0/744/375/kvartira-moskva-bolshaya-tatarskaya-ulica-573447096-4.jpg ,https://cdn-p.cian.site/images/0/744/375/kvartira-moskva-bolshaya-tatarskaya-ulica-573447095-2.jpg ,https://cdn-p.cian.site/images/0/744/375/kvartira-moskva-bolshaya-tatarskaya-ulica-573447096-2.jpg ,https://cdn-p.cian.site/images/0/744/375/kvartira-moskva-bolshaya-tatarskaya-ulica-573447094-2.jpg
АКЦИЯ -200 рублей в сутки * ,Москва  ЮВАО  р-н Люблино  Совхозная ул.  4К4 ,3 ,71 ,3 700 ,3 ,14 ,https://www.cian.ru/rent/flat/210236187/ ,https://cdn-p.cian.site/images/1/120/407/kvartira-moskva-sovhoznaya-ulica-704021152-4.jpg ,https://cdn-p.cian.site/images/1/120/407/kvartira-moskva-sovhoznaya-ulica-704021157-2.jpg ,https://cdn-p.cian.site/images/1/120/407/kvartira-moskva-sovhoznaya-ulica-704021180-2.jpg ,https://cdn-p.cian.site/images/1/120/407/kvartira-moskva-sovhoznaya-ulica-704021147-2.jpg
1-комн. кв. 25 м? 4/5 этаж ,Москва  ЮАО  р-н Даниловский  Автозаводская ул.  19К1 ,1 ,25 ,2 500 ,4 ,5 ,https://www.cian.ru/rent/flat/243754961/ ,https://cdn-p.cian.site/images/2/987/899/posutochnaja-kvartira-moskva-avtozavodskaya-ulica-998789217-4.jpg ,https://cdn-p.cian.site/images/5/196/379/kvartira-moskva-avtozavodskaya-ulica-973691539-2.jpg ,https://cdn-p.cian.site/images/5/196/379/kvartira-moskva-avtozavodskaya-ulica-973691543-2.jpg ,https://cdn-p.cian.site/images/5/196/379/kvartira-moskva-avtozavodskaya-ulica-973691540-2.jpg
Ваш Комфорт-Наша Главная Задача ,Москва  ЮЗАО  р-н Теплый Стан  Профсоюзная ул.  128А ,1 ,40 ,4 500 ,2 ,18 ,https://www.cian.ru/rent/flat/247488037/ ,https://cdn-p.cian.site/images/23/235/001/posutochnaja-kvartira-moskva-profsoyuznaya-ulica-1005323261-4.jpg ,https://cdn-p.cian.site/images/75/135/001/posutochnaja-kvartira-moskva-profsoyuznaya-ulica-1005315721-2.jpg ,https://cdn-p.cian.site/images/75/135/001/posutochnaja-kvartira-moskva-profsoyuznaya-ulica-1005315719-2.jpg ,https://cdn-p.cian.site/images/75/135/001/posutochnaja-kvartira-moskva-profsoyuznaya-ulica-1005315722-2.jpg
Романический ужин в Москва-Сити ,Москва  ЦАО  р-н Пресненский  наб. Пресненская  8с1 ,1 ,47 ,7 000 ,46 ,75 ,https://www.cian.ru/rent/flat/257358841/ ,https://cdn-p.cian.site/images/82/983/901/posutochnaja-komnata-moskva-presnenskaya-naberezhnaya-1093892837-4.jpg ,https://cdn-p.cian.site/images/82/983/901/posutochnaja-komnata-moskva-presnenskaya-naberezhnaya-1093892839-2.jpg ,https://cdn-p.cian.site/images/82/983/901/posutochnaja-komnata-moskva-presnenskaya-naberezhnaya-1093892837-2.jpg ,https://cdn-p.cian.site/images/82/983/901/posutochnaja-komnata-moskva-presnenskaya-naberezhnaya-1093892845-2.jpg
Пешком до Кремля! ,Москва  ЦАО  р-н Тверской  1-я Брестская ул.  40 ,4 ,70 ,4 800 ,1 ,4 ,https://www.cian.ru/rent/flat/193926984/ ,https://cdn-p.cian.site/images/4/508/465/kvartira-moskva-1ya-brestskaya-ulica-564805491-4.jpg ,https://cdn-p.cian.site/images/4/508/465/kvartira-moskva-1ya-brestskaya-ulica-564805422-2.jpg ,https://cdn-p.cian.site/images/4/508/465/kvartira-moskva-1ya-brestskaya-ulica-564805434-2.jpg ,https://cdn-p.cian.site/images/4/508/465/kvartira-moskva-1ya-brestskaya-ulica-564805421-2.jpg
4-комн. апарт. 90 м? 5/9 этаж ,Москва  САО  р-н Беговой  Ленинградский просп.  1 ,4 ,90 ,4 000 ,5 ,9 ,https://www.cian.ru/rent/flat/193929220/ ,https://cdn-p.cian.site/images/3/116/695/kvartira-moskva-leningradskiy-prospekt-596611388-4.jpg ,https://cdn-p.cian.site/images/3/116/695/kvartira-moskva-leningradskiy-prospekt-596611384-2.jpg ,https://cdn-p.cian.site/images/3/116/695/kvartira-moskva-leningradskiy-prospekt-596611390-2.jpg ,https://cdn-p.cian.site/images/3/116/695/kvartira-moskva-leningradskiy-prospekt-596611374-2.jpg
Бизнес класс +Паркинг ,Москва  ЮЗАО  р-н Коньково  ул. Бутлерова  7Б ,2 ,40 ,3 800 ,10 ,21 ,https://www.cian.ru/rent/flat/213662153/ ,https://cdn-p.cian.site/images/1/039/527/kvartira-moskva-ulica-butlerova-725930109-4.jpg ,https://cdn-p.cian.site/images/0/039/527/kvartira-moskva-ulica-butlerova-725930088-2.jpg ,https://cdn-p.cian.site/images/0/039/527/kvartira-moskva-ulica-butlerova-725930090-2.jpg ,https://cdn-p.cian.site/images/0/039/527/kvartira-moskva-ulica-butlerova-725930099-2.jpg
